{
    "CurCompileModules": [
        "...MASTER...",
        "std",
        "testbench",
        "testbench",
        "milano_pkg"
    ],
    "CompileStatus": "Successful",
    "rlimit": {
        "data": -1,
        "stack": -1
    },
    "stat": {
        "ru_self_cgstart": {
            "ru_utime_sec": 0.054449999999999998,
            "ru_nvcsw": 24,
            "ru_stime_sec": 0.051182999999999999,
            "ru_majflt": 1,
            "ru_minflt": 26946,
            "ru_maxrss_kb": 70820,
            "ru_nivcsw": 8
        },
        "ru_self_end": {
            "ru_utime_sec": 0.090473999999999999,
            "ru_nvcsw": 25,
            "ru_stime_sec": 0.063222,
            "ru_majflt": 1,
            "ru_minflt": 30723,
            "ru_maxrss_kb": 80908,
            "ru_nivcsw": 11
        },
        "cpu_cycles_end": 161933912429434,
        "ru_childs_cgstart": {
            "ru_utime_sec": 0.012470999999999999,
            "ru_nvcsw": 17,
            "ru_stime_sec": 0.014555,
            "ru_majflt": 0,
            "ru_minflt": 6325,
            "ru_maxrss_kb": 18328,
            "ru_nivcsw": 6
        },
        "nMops": 4418,
        "cpu_cycles_cgstart": 161933790089314,
        "CodeGen(%)": 34.993443100684836,
        "nQuads": 1922,
        "Frontend(%)": 65.006556899315157,
        "ru_childs_end": {
            "ru_utime_sec": 0.012470999999999999,
            "ru_nvcsw": 18,
            "ru_stime_sec": 0.017430000000000001,
            "ru_majflt": 0,
            "ru_minflt": 6926,
            "ru_maxrss_kb": 18756,
            "ru_nivcsw": 8
        },
        "totalObjSize": 181208,
        "outputSizePerQuad": 94.280957336108216,
        "cpu_cycles_total": 388160083,
        "mopSpeed": 122640.46191427937,
        "quadSpeed": 53353.320008882969,
        "mop/quad": 2.2986472424557753,
        "peak_mem_kb": 291252,
        "realTime": 0.16621208190917969
    },
    "cycles_program_begin": 161933524269351,
    "SIMBData": {
        "archive": "archive.18/_71904_archive_1.a",
        "out": "amcQwB.o",
        "bytes": 115770,
        "text": 0
    },
    "perf": [
        {
            "stat": [
                "main",
                "entry",
                0.016433000564575195,
                0.031504999999999998,
                0.022504,
                216488,
                216488,
                0.0,
                0.0,
                1633705879.6162629,
                161933524485495
            ],
            "sub": [
                {
                    "stat": [
                        "doParsingAndDesignResolution",
                        "entry",
                        0.051577091217041016,
                        0.032778000000000002,
                        0.030592999999999999,
                        274480,
                        275280,
                        0.0,
                        0.0,
                        1633705879.651407,
                        161933615517040
                    ],
                    "sub": []
                },
                {
                    "stat": [
                        "doParsingAndDesignResolution",
                        "exit",
                        0.058943033218383789,
                        0.036452999999999999,
                        0.034870999999999999,
                        275412,
                        276060,
                        0.0,
                        0.0,
                        1633705879.6587729,
                        161933634629200
                    ],
                    "sub": []
                },
                {
                    "stat": [
                        "doPostDesignResolutionToVir2Vcs",
                        "entry",
                        0.05964207649230957,
                        0.036452999999999999,
                        0.035626999999999999,
                        275576,
                        276060,
                        0.0,
                        0.0,
                        1633705879.659472,
                        161933636413164
                    ],
                    "sub": [
                        {
                            "stat": [
                                "doUptoVir2VcsNoSepCleanup",
                                "entry",
                                0.066400051116943359,
                                0.040827000000000002,
                                0.038170999999999997,
                                276720,
                                276724,
                                0.0,
                                0.0,
                                1633705879.66623,
                                161933653921377
                            ],
                            "sub": []
                        },
                        {
                            "stat": [
                                "doUptoVir2VcsNoSepCleanup",
                                "exit",
                                0.085379123687744141,
                                0.052942999999999997,
                                0.046460000000000001,
                                278896,
                                291252,
                                0.0,
                                0.0,
                                1633705879.685209,
                                161933703153500
                            ],
                            "sub": []
                        },
                        {
                            "stat": [
                                "doRadify_vir2vcsAll",
                                "entry",
                                0.085456132888793945,
                                0.052986999999999999,
                                0.046498999999999999,
                                278896,
                                291252,
                                0.0,
                                0.0,
                                1633705879.685286,
                                161933703284746
                            ],
                            "sub": []
                        },
                        {
                            "stat": [
                                "doRadify_vir2vcsAll",
                                "exit",
                                0.088891029357910156,
                                0.054313,
                                0.048882000000000002,
                                279184,
                                291252,
                                0.0,
                                0.0,
                                1633705879.6887209,
                                161933712216430
                            ],
                            "sub": []
                        }
                    ]
                },
                {
                    "stat": [
                        "doPostDesignResolutionToVir2Vcs",
                        "exit",
                        0.088930130004882812,
                        0.054336000000000002,
                        0.048902000000000001,
                        279184,
                        291252,
                        0.0,
                        0.0,
                        1633705879.68876,
                        161933712278420
                    ],
                    "sub": []
                },
                {
                    "stat": [
                        "doGAToPass2",
                        "entry",
                        0.088952064514160156,
                        0.054348,
                        0.048913999999999999,
                        279184,
                        291252,
                        0.0,
                        0.0,
                        1633705879.688782,
                        161933712330842
                    ],