{
    "CompUnits": {
        "iAVhC_d": {
            "mode": 4,
            "mod": "testbench",
            "archive": "archive.18/_71904_archive_1.a",
            "out": "iAVhC_d.o",
            "bytes": 65438,
            "text": 33293,
            "checksum": 0
        }
    },
    "Modules": {
        "...MASTER...": {
            "start_perf": [
                0.11902499198913574,
                0.054477999999999999,
                0.051208999999999998,
                277760,
                291252,
                1633705879.7188549,
                161933790275238
            ],
            "child_modules": {
                "std": 1,
                "milano_pkg": 1,
                "testbench": 1
            },
            "end_perf": [
                0.12437820434570312,
                0.054477999999999999,
                0.054133000000000001,
                279164,
                291252,
                161933804158020,
                0,
                0
            ],
            "nRouts": 5,
            "nQuads": 0,
            "nMops": 0
        },
        "std": {
            "start_perf": [
                0.12444710731506348,
                0.054477999999999999,
                0.054207999999999999,
                279164,
                291252,
                1633705879.724277,
                161933804315850
            ],
            "child_modules": {},
            "svclass": [
                "$vcs_nba_dyn_obj",
                0,
                35,
                2,
                2,
                0,
                "sigprop$$",
                0,
                35,
                2,
                2,
                0,
                "process",
                0,
                200,
                8,
                8,
                0,
                "event",
                0,
                34,
                2,
                2,
                0,
                "mailbox",
                0,
                140,
                9,
                9,
                0,
                "semaphore",
                0,
                84,
                5,
                5,
                0
            ],
            "Compiled": "Yes",
            "Compiled Times": 19,
            "end_perf": [
                0.12728214263916016,
                0.056416000000000001,
                0.055330999999999998,
                279180,
                291252,
                161933811684430,
                8589934594,
                0
            ],
            "nQuads": 218,
            "nMops": 528,
            "nRouts": 33
        },
        "milano_pkg": {
            "start_perf": [
                0.16088604927062988,
                0.088139999999999996,
                0.059847999999999998,
                285564,
                291252,
                1633705879.760716,
                161933898741246
            ],
            "child_modules": {},
            "Compiled": "Yes",
            "Compiled Times": 19,
            "end_perf": [
                0.16147804260253906,
                0.088139999999999996,
                0.060472999999999999,
                285564,
                291252,
                161933900286666,
                17179869185,
                0
            ],
            "nRouts": 5,
            "nQuads": 0,
            "nMops": 0
        },
        "testbench": {
            "start_perf": [
                0.12732505798339844,
                0.056439000000000003,
                0.055354,
                279180,
                291252,
                1633705879.727155,
                161933811770280
            ],
            "significant_routs": [
                [
                    5,
                    "R_VCSgd_iAVhC_5",
                    1469018,
                    285,
                    23
                ],
                [
                    58,
                    "R_VCSgd_iAVhC_3a",
                    1730474,
                    1603,
                    131
                ],
                [
                    166,
                    "R_VCSgd_iAVhC_a6",
                    1498786,
                    1282,
                    204
                ]
            ],
            "child_modules": {},
            "Compiled": "Yes",
            "Compiled Times": 19,
            "end_perf": [
                0.16084098815917969,
                0.088109999999999994,
                0.059827999999999999,
                285564,
                291252,
                161933898658182,
                12884901889,
                0
            ],
            "nQuads": 1704,
            "nMops": 3890,
            "nRouts": 172
        }
    },
    "reusePaths": {
        "amcQw_d": {
            "icPath": "csrc"
        },
        "reYIK_d": {
            "icPath": "csrc"
        },
        "pK0GY_d": {
            "icPath": "csrc"
        }
    },
    "ObjArchives": [
        {
            "archive": "archive.18/_71904_archive_1.a",
            "objects": [
                [
                    "iAVhC_d.o",
                    65438
                ],
                [
                    "amcQwB.o",
                    115770
                ]
            ],
            "size": 181208
        }
    ],
    "stat": {
        "cpu_cycles_end": 161933911817808,
        "ru_self_end": {
            "ru_utime_sec": 0.090323000000000001,
            "ru_nvcsw": 25,
            "ru_stime_sec": 0.063117000000000006,
            "ru_majflt": 1,
            "ru_minflt": 30717,
            "ru_maxrss_kb": 80908,
            "ru_nivcsw": 11
        },
        "ru_childs_end": {
            "ru_utime_sec": 0.012470999999999999,
            "ru_nvcsw": 18,
            "ru_stime_sec": 0.017430000000000001,
            "ru_majflt": 0,
            "ru_minflt": 6926,
            "ru_maxrss_kb": 18756,
            "ru_nivcsw": 8
        },
        "peak_mem_kb": 291252
    }
}